{
  "format_version": "1.21.40",
  "minecraft:point_light_settings": {
    "colors": {
      "minecraft:torch": [
        255,
        195,
        0
      ],
      "minecraft:candle": [
        239,
        227,
        157
      ],
      "minecraft:gray_candle": [
        239,
        227,
        157
      ],
      "minecraft:redstone_torch": [
        221,
        0,
        0
      ],
      "minecraft:pink_candle_cake": [
        239,
        227,
        157
      ],
      "minecraft:brown_candle_cake": [
        239,
        227,
        157
      ],
      "minecraft:soul_torch": [
        0,
        255,
        255
      ],
      "minecraft:lantern": [
        255,
        195,
        0
      ],
      "minecraft:soul_lantern": [
        0,
        255,
        255
      ],
      "minecraft:pink_candle": [
        239,
        227,
        157
      ],
      "minecraft:brown_candle": [
        239,
        227,
        157
      ],
      "minecraft:white_candle": [
        239,
        227,
        157
      ],
      "minecraft:orange_candle_cake": [
        239,
        227,
        157
      ],
      "minecraft:end_rod": [
        255,
        255,
        255
      ],
      "minecraft:orange_candle": [
        239,
        227,
        157
      ],
      "minecraft:cyan_candle_cake": [
        239,
        227,
        157
      ],
      "minecraft:magenta_candle": [
        239,
        227,
        157
      ],
      "minecraft:green_candle": [
        239,
        227,
        157
      ],
      "minecraft:light_blue_candle": [
        239,
        227,
        157
      ],
      "minecraft:yellow_candle": [
        239,
        227,
        157
      ],
      "minecraft:lime_candle": [
        239,
        227,
        157
      ],
      "minecraft:light_gray_candle_cake": [
        239,
        227,
        157
      ],
      "minecraft:light_gray_candle": [
        239,
        227,
        157
      ],
      "minecraft:cyan_candle": [
        239,
        227,
        157
      ],
      "minecraft:purple_candle": [
        239,
        227,
        157
      ],
      "minecraft:magenta_candle_cake": [
        239,
        227,
        157
      ],
      "minecraft:green_candle_cake": [
        239,
        227,
        157
      ],
      "minecraft:blue_candle": [
        239,
        227,
        157
      ],
      "minecraft:red_candle": [
        239,
        227,
        157
      ],
      "minecraft:black_candle": [
        239,
        227,
        157
      ],
      "minecraft:candle_cake": [
        239,
        227,
        157
      ],
      "minecraft:gray_candle_cake": [
        239,
        227,
        157
      ],
      "minecraft:white_candle_cake": [
        239,
        227,
        157
      ],
      "minecraft:light_blue_candle_cake": [
        239,
        227,
        157
      ],
      "minecraft:yellow_candle_cake": [
        239,
        227,
        157
      ],
      "minecraft:lime_candle_cake": [
        239,
        227,
        157
      ],
      "minecraft:purple_candle_cake": [
        239,
        227,
        157
      ],
      "minecraft:blue_candle_cake": [
        239,
        227,
        157
      ],
      "minecraft:red_candle_cake": [
        239,
        227,
        157
      ],
      "minecraft:black_candle_cake": [
        239,
        227,
        157
      ]
    }
  }
}